Name,for,deadline,link
Global Student Contest Scholarships,"Master, Bachelor, Course",1 December 2021,https://kidatschool.com/global-student-contest-scholarships
CouponsXDeals Scholarship,Bachelor,31 December 2020,https://couponsxdeals.com/scholarship
Women In Tech '21 Scholarship Program | GreyCampus,Course,15 March 2021,https://www.greycampus.com/scholarships/women-in-tech
Google Anita Borg Memorial Scholarships for International Students at Arizona State University,Bachelor,,https://admissions.arizona.edu/cost-aid/international/scholarships-loans
Undergraduate KDS Scholarship Contest,"Master, Bachelor",1 October 2021,https://kidatschool.com/contest-program-scholarships/
Sustainability funding for International Students,Master,12 April 2021,https://www.finduddannelse.dk/scholarship/finduddannelsedk-sustainability-scholarship-17947#eli
special programmes at Northcap University,Bachelor,,
InvestoRunner Scholarship,Master,31 October 2020,https://investorunner.com/scholarship/
International KSS Contest Scholarship for College Students,"Bachelor, Course, Master",31 October 2021,https://kidatschool.com/international-kss-contest-scholarship-2021
Creative Writing International Competition,"Course, Bachelor, Master, Phd",30 April 2021,https://competition.kanac.org/
2021 Contest Scholarships for International Students,"Master, Bachelor, Course",1 June 2022,https://kidatschool.com/2021-contest-scholarships
International KAS Contest Scholarship 2021,"Master, Course, Bachelor",1 December 2021,https://kidatschool.com/international-kas-contest-scholarship-2021
Athena Study in India Scholarship,Bachelor,28 March 2021,https://athenaeducation.net
Latin America & Brazil Scholarships at Niagara College,Bachelor,1 February 2021,https://international.niagaracollege.ca/scholarships/#entrance-scholarships
BEROWS INTERNATIONAL SCHOLARSHIP PROGRAM TEST (BISPT),"Master, Bachelor, Phd",31 March 2021,https://bispt.com/
IUBH University of Applied Sciences Online Scholarships for International Students in Germany,"Master, Bachelor",,https://www.iubh-online.org/master-degree-programmes/scholarships/
Dermadry Scholarship 2020,"Master, Bachelor, Phd, Course",19 August 2020,https://dermadry.com/pages/scholarship-2020
Dermadry Hyperhidrosis Scholarship 2020,"Master, Bachelor, Phd, Course",19 August 2020,https://dermadry.com/pages/scholarship-2020
Trity Online Scholarship Test for Undergraduate students,Bachelor,20 August 2020,
LWF international awards in Theology,"Course, Bachelor, Master",1 October 2020,https://www.lutheranworld.org/news/applications-open-scholarships-theology-diakonia-and-development
IAEA Marie Sklodowska-Curie International Fellowship Programme in Austria,Master,11 October 2020,https://www.iaea.org/newscenter/news/marie-sklodowska-curie-fellowship-programme-applications-now-open
IELTS Course Scholarship,"Course, Bachelor, Master, Phd",31 December 2020,https://www.ieltspodcast.com/ielts-scholarships/
international scholarship for Girls,"Master, Bachelor, Phd, Course",28 December 2020,https://shebegan.com/application-submission/
Essay Writing Scholarship for Student,"Master, Bachelor, Phd",15 October 2020,https://shebegan.com/essay-writing-scholarship-deadline-for-submission-october-15-2020/
The #YouAreWelcomeHere Scholarship at National Louis University,Bachelor,1 July 2020,
"IvyPanda $1,500 Annual Video Contest Scholarship","Master, Bachelor, Phd, Course",31 October 2020,https://ivypanda.com/scholarship-video
"""Go Digital""","Master, Bachelor, Phd, Course",1 December 2020,https://jelvix.com/scholarship
Reconstructing human-environment interactions in Port Phillip Bay,Phd,15 September 2020,
Michael Giannulis Grant,Bachelor,1 July 2021,https://michaelgiannulisgrant.com/
"$1,500 for Graduate School: KLAS Contest Scholarship","Bachelor, Course",30 October 2020,https://kidatschool.com/klas-student-contest-scholarships-2021
IELTS Exam Fee Waiver Scholarship,"Master, Bachelor, Phd",30 August 2020,https://ieltsdates.com/ielts-test-fee-scholarship-call-for-applications/
finduddannelse.dk sustainability scholarship,Master,12 April 2021,https://www.finduddannelse.dk/scholarship/finduddannelsedk-sustainability-scholarship-17947
Contest Scholarships for Undergraduate Students,"Bachelor, Course",1 May 2021,https://kidatschool.com/scholarships-2020
Kendall College at National Louis University International Opportunity Scholarship,Bachelor,,
Voice Talent Online Scholarship 2020-2021,"Master, Bachelor, Phd, Course",31 January 2021,https://www.voicetalentonline.com/voice-over-agency/scholarship-entry
National Louis University International Opportunity Scholarship,Bachelor,,
Learn Music for free from Suresh Wadkars Acharya Jialal Vasant Sangeet Niketan,Course,15 June 2020,https://sangeetniketan.org/
NSTY Scholarship 2020,"Master, Bachelor, Phd, Course",31 May 2020,
Scholarship for the Best Candidates - Kozminski University,"Master, Bachelor",15 July 2020,https://www.kozminski.edu.pl/en/programs/information/scholarships-and-discounts/
Writing Contest Scholarship 2020,"Master, Bachelor, Phd, Course",31 May 2020,https://admission-writer.com/blog/scholarship
2020 Essay Scholarships for Undergraduate Students,"Bachelor, Course",30 October 2020,https://kidatschool.com/2020-scholarships
"$1,500 Annual Essay Writing Contest Scholarship","Master, Bachelor, Phd, Course",31 May 2020,https://ivypanda.com/scholarship-writing
Sasahkt Scholarship for Women,Bachelor,15 August 2020,http://www.sashaktscholarship.org
The Katoni scholarship - Supporting cultural projects,"Master, Bachelor, Phd",1 May 2020,https://www.katoni.dk/scholarship/
Richard E. Morley Industrial Automation Scholarship,"Master, Bachelor",31 December 2020,https://www.oncampus.eit.edu.au/scholarships.html?utm_source=StudyPortals_Scholarships
The Manchester Full-time MBA Scholarships,Master,1 June 2020,https://bit.ly/2Hg5iU9
The MyUS.com Global Perspectives Scholarship,"Master, Bachelor",1 May 2020,https://www.myus.com/scholarships/the-global-perspectives-scholarship/
Education Future International Scholarship,"Bachelor, Course",15 March 2020,https://www.education-future.org/
International Distinction Awards 2020-2021,"Bachelor, Master",30 June 2021,https://scholarship.mastersportal.com/international-distinction-awards?utm_source=scholarshipportal&utm_medium=referral
Education for Sustainable Energy Development (ESED) Scholarship Program,Master,6 March 2020,https://www.globalelectricity.org/scholarship/how-to-apply/
LSEF-UMass Scholarship,Master,31 July 2020,https://www.lse.foundation
Direct speech center Scholarship,"Master, Bachelor",25 March 2020,https://directindirectspeech.com/scholarship/
British Council IELTS Award 2020,"Master, Bachelor, Phd",10 June 2020,https://www.britishcouncil.de/en/exam/ielts/award
Micro-Scholarships for Online Courses,Course,9 February 2020,https://www.bitdegree.org/scholarships
Student Essays Scholarship,Master,25 March 2020,https://mystudentsessays.com/scholarship
Adobe Design Circle Scholarships for International Students in USA,Bachelor,12 March 2020,https://www.iie.org/Programs/Adobe-Scholarships/Design-Circle-Scholarships/Scholarship-Information
Keto Scholarship 2020,"Master, Bachelor",15 April 2020,https://shebegan.com/keto-scholarship-2020/
Fully-Funded PhD Studentship in Nanochemistry at University of Exeter,Phd,,https://www.exeter.ac.uk/studying/funding/award/?id=3841
AIEED Scholarship Aptitude Test,"Master, Bachelor, Course",29 January 2020,
10% off Your Entire Tuition at Nexford,"Master, Bachelor, Course",7 December 2025,
ANNUAL $2000 STUDENT SCHOLARSHIP,Bachelor,1 October 2020,https://kizi.com/scholarship
OppU Achievers,"Master, Bachelor",30 September 2019,https://www.opploans.com/scholarship/
CALL FOR APPLICATIONS: CLIFF-GRADS SCHOLARSHIP 2019,Phd,30 September 2019,
PEARSON MEPRO ENGLISH SCHOLAR PROGRAM 2019,"Master, Bachelor, Phd, Course",31 August 2019,https://www.buddy4study.com/page/pearson
Dermadry Scholarship 2019,"Master, Bachelor, Phd",21 August 2019,https://dermadry.com/pages/scholarship
COLLEGE BOARD INDIA SCHOLARS PROGRAM,Bachelor,2 November 2019,https://www.buddy4study.com/collegeboard?utm_source=Scholarshiplisting&utm_medium=ScholarshipPortal
$3000 Scholarship Program,"Master, Bachelor, Phd, Course",25 December 2019,https://teetrnd.com/scholarship/
UII Future Global Leaders Scholarships for International Students in Indonesia,Bachelor,30 October 2019,https://pmb.uii.ac.id/international/tuition-fee-scholarship/#tab-id-4
Women in Business Equal Pay Scholarship,"Master, Bachelor",30 November 2019,https://scholarships.nexford.org/women-in-business-scholarships/
Thomas Abraham Understudy Design Fellowship,Course,30 November 2019,https://www.idea-worldwide.com/design-fellowship.php
Academic Scholarship for Online MBA at University of Essex,Master,22 July 2020,https://online.essex.ac.uk/utm-landing-pages/online-mba-degree/?utm_source=scholarship%20portal&utm_medium=weblisting
Your Company Formations Business Scholarship,"Master, Bachelor, Phd, Course",28 August 2020,https://www.yourcompanyformations.co.uk/scholarship-programme/
Science and Law School Scholarship 2019 - 2020,"Master, Bachelor, Phd",30 November 2019,https://afidavit.com/home/
Mewar University Special Scholarship Scheme for Developing Countries,"Master, Bachelor",15 August 2019,http://www.mewaruniversity.org/pages/default.aspx
"Brainers Talent Search Exam BTSC 2019: Scholarships up to ₹ 1,00,000.",Bachelor,18 July 2019,
Phd Miniaturized Sensors for Mars and other planetary bodies,Phd,10 September 2019,https://drive.google.com/file/d/19wRC7RaRl7ld0px9vLYi-dVhKyj8wHQq/view?usp=sharing
Scholarship Contest from Dealroom,"Master, Bachelor, Phd, Course",30 June 2019,https://dealroom.net/dealroom-scholarship
Edward & Isabel Kidson Scholarship to Study Postgraduate,Master,1 October 2019,https://www.universitiesnz.ac.nz/scholarships/edward-isabel-kidson-scholarship
"$5,000 Hach & Rose, LLP Annual College Scholarship","Master, Bachelor, Course",30 June 2019,https://www.unionlawfirm.com/hach-rose-llp-annual-college-scholarship/
Scholarship for students breaking the mold,"Master, Bachelor",31 October 2019,https://www.xn--lnio-qoa.dk/moensterbryder-legat-2019
Next Generation Scholarships,"Master, Bachelor",1 August 2019,
Sustainability Scholarship GreenMatch,"Master, Bachelor",31 October 2019,https://www.greenmatch.co.uk/scholarships/2019-sustainability
Mailcheck Scholarship 1500USD,"Master, Bachelor, Phd",30 September 2019,https://www.mailcheck.co/scholarship
TWAS-SN Bose Postdoctoral Fellowship Programme in India,Phd,30 June 2019,https://twas.org/opportunity/twas-sn-bose-postdoctoral-fellowship-programme
Aashray Scholarship 2019 - Times and Trends academy,Course,3 July 2019,
"Scholarships in Engineering, Pharmacy, Management, Agriculture, etc.","Master, Bachelor",30 July 2019,https://pcte.edu.in
Scholarship for Orphans,Course,15 August 2019,https://www.customessaymeister.com/blog/scholarship-for-orphans
Scholarship for Nordic Students Going Abroad,"Master, Bachelor",31 October 2019,https://www.talouteni.fi/scholarship/2019-scholarship-for-nordic-students-going-abroad
Trendhim Talent Scholarship,"Master, Bachelor, Phd, Course",1 December 2019,https://www.trendhim.com/csr/trendhim-scholarship
Helen Lansdowne Resor Scholarship for Creative Women,"Master, Bachelor, Phd, Course",3 June 2019,
Jelvix Scholarship Program 2019,"Master, Bachelor, Phd, Course",31 July 2019,https://jelvix.com/blog/scholarship-program
Meri Pehchaan - TTA india Academy Scholarship Program,"Master, Bachelor",5 April 2019,
Executive Scholarship for Online MBA at University of Essex,Master,22 July 2020,https://online.essex.ac.uk/utm-landing-pages/online-mba-degree/?utm_source=scholarship%20portal&utm_medium=weblisting
Meri Pehchaan - Times and Trends Academy Scholarship Program,"Bachelor, Course",14 April 2019,
Diabetes Hope Foundation Scholarship,Bachelor,4 March 2019,https://www.dhfscholarship.com
ServiceScape Scholarship 2019,"Master, Bachelor",30 November 2019,https://www.servicescape.com/scholarship
VAPIM Scholarship Aptitude Test (The Scholarship Path to Every Students),Bachelor,10 May 2019,
Qriosity: Nation-wide talent hunt Quiz,Course,7 May 2019,
Fix The Photo Scholarship,"Master, Bachelor",31 August 2019,http://fixthephoto.com/academic-scholarship
BusinessPlan Scholarships,Bachelor,1 November 2019,https://www.businessplan.com.ng/scholarships/
Internet Marketing Scholarship - 3rd IBG Scholarship 2019,Bachelor,30 November 2019,https://instaboostgram.com/scholarship/
"The $2,000 ""Privacy Matters"" College Scholarship","Master, Bachelor, Phd, Course",30 April 2019,https://www.bestvpn.com/scholarship/
Durham University Business School - Online MBA Scholarship,Master,28 February 2019,https://www.dur.ac.uk/business/programmes/mba/scholarships/
Scholarship Grant for Undergradute Students,Bachelor,14 December 2019,https://5beddings.com/scholarship-grant-for-undergraduate-students/
International Scholarship for Research on Primary Snoring,"Bachelor, Master, Phd, Course",31 July 2019,
Adzuna’s Student of the Year Award 2018,"Bachelor, Master",31 December 2018,
Cambridge Immerse Scholarship Programme,Course,7 December 2018,
International College of Liberal Arts Scholarship Opportunity,Bachelor,20 April 2018,https://docs.google.com/forms/d/e/1FAIpQLSdQlfQsFGh4PvnLWctleq3Q5p_LllXSrUMzC618xcWm-CKdKg/viewform
BOLC Distance Learning Scholarships,Course,31 December 2017,
Community Service Scholarship,Bachelor,31 October 2018,https://www.greenmatch.co.uk/scholarship
EDOOFA SCHOLARSHIP PROGRAM,"Bachelor, Master, Phd, Course",31 May 2018,http://edoofa.com/
Civil Society Leader Award 2018,"Bachelor, Phd, Course",12 December 2019,https://usschoarships.blogspot.com/2018/04/civil-society-leader-award-2018.html
Scholarships for Hispanics 2018-2019,"Bachelor, Master, Phd, Course",9 September 2019,http://scholarmintle.com/3-best-scholarships-for-hispanics-2018-2019/
Scholarships in the USA Fully Funded 2018-2019,"Bachelor, Phd, Course",6 June 2019,http://scholarmintle.com/scholarships-in-usa-fully-funded/
Scholarships and Grants for National and International students,"Bachelor, Master, Phd, Course",7 June 2019,http://scholarmintle.com/scholarships-grants-national-international-students/
Scholarships For African Students,"Bachelor, Master, Phd, Course",9 August 2019,http://scholarmintle.com/african-scholarships-2018-apply-now/
Scholarships For Black Women Apply Right Now,"Bachelor, Master, Phd, Course",9 August 2019,http://scholarmintle.com/scholarships-for-black-women/
Scholarships for Women 2018-2019,"Bachelor, Master, Phd, Course",9 October 2019,http://scholarmintle.com/scholarships-for-women/
Coupons Accept “Bright Future” Scholarship,Bachelor,31 December 2019,https://couponsaccept.com/coupons-accept-bright-future-scholarship/
Saudi Arabia Scholarships 2018 Best For International Students ,"Bachelor, Master, Phd, Course",9 May 2019,http://scholarmintle.com/saudi-arabia-scholarship-international-students/
"Scholarships Canada Fully Funded List, Grants and Fellowships","Bachelor, Master, Phd, Course",9 August 2019,http://scholarmintle.com/scholarships-canada/
FUlly Funded Scholarships In United States,"Bachelor, Master, Phd, Course",7 September 2019,
Atlas Shrugged Essay Contest,Course,15 January 2019,https://www.aynrand.org/students/essay-contests#atlasshrugged-1
How E-Commerce Will Look Like in 2030 – Trends and Ideas,"Bachelor, Master, Phd, Course",28 February 2019,https://homus.org/scholarship-2019/
CBD Sense Scholarship,"Bachelor, Master, Phd, Course",1 February 2019,https://www.cbdsense.com/scholarship/
Research/PHD Scholarships For Talented Students,"Bachelor, Master, Phd, Course",4 March 2019,http://scholarmintle.com/phd-programs-2018-2019/
Scholarships For International students in Canada,"Bachelor, Master, Phd, Course",9 September 2019,http://scholarmintle.com/scholarships-international-student-canada/
Scholarships for American Students 2018-2019,"Bachelor, Master, Phd, Course",2 October 2019,http://scholarmintle.com/scholarships-american-students/
$1000 Autumn Scholarship Contest from Homework Lab,"Bachelor, Master, Phd, Course",23 November 2018,https://homework-lab.com/study-tips/homework-lab-scholarship/
Scholarships in Nigeria Fully Funded 2019 ,"Bachelor, Master, Phd, Course",9 September 2019,http://scholarmintle.com/scholarships-in-nigeria-2018-2019-fully-funded/
Rotary District 5450 Scholarship,"Master, Phd",1 October 2018,https://portal.clubrunner.ca/50085/sitepage/scholarship-program
RetouchThePhotos Academic Scholarship 2018 Program,"Bachelor, Master, Course",31 December 2018,
THE ABC DISCOVERS DIGITAL TALENT COMPETITION 2018-2019,"Bachelor, Master, Phd, Course",10 October 2019,http://scholarmintle.com/abc-digital-talent-competition/
USAID Scholarships For Pakistani Students ,"Bachelor, Phd, Course",9 September 2019,http://scholarmintle.com/how-to-get-usaid-scholarship-pakistan/
Study in America As International Student with these Free Loan based Application Programs,"Bachelor, Master, Phd, Course",5 May 2019,http://scholarmintle.com/private-student-loans/
Scholarships in China Fully Funded For Engineering and Medicine Studies,"Bachelor, Master, Phd, Course",6 June 2019,http://scholarmintle.com/scholarships-china-fully-funded-engineering-medicine-studies/
SeniorAdvice.com Senior Caregiver Scholarship,"Bachelor, Master, Phd",15 January 2019,https://www.senioradvice.com/senior-caregiver-scholarship-spring-2019
Scholarships for Eritrea in France 2018-2019 Fully Funded,"Bachelor, Master, Phd, Course",3 June 2019,http://scholarmintle.com/study-france-scholarships/
BlogMean $1000 Scholarship for All Students,"Bachelor, Master, Phd, Course",31 May 2019,https://www.blogmean.org/scholarship/
Perkins loan 2018 Federal Loans for College students,"Bachelor, Master, Phd, Course",9 September 2019,http://scholarmintle.com/perkins-loans-2018/
The Travel Office Local Adventures Travel Scholarship,Bachelor,15 October 2018,https://traveloffice.org/scholarship/
Scholarships For Indian Students Fully Funded College Education,"Master, Phd, Course",7 June 2019,http://scholarmintle.com/scholarships-china-fully-funded-engineering-medicine-studies/
Scholarships in France Fully Funded 2018-2019 For International Students ,"Bachelor, Master, Phd, Course",4 June 2019,http://scholarmintle.com/study-france-scholarships/
WISDOM Educational Foundation Scholarship 2019,Course,15 November 2018,https://www.buddy4study.com/scholarship/wisdom-educational-foundation-scholarship-2019?utm_source=SP27Aug&utm_medium=Scholarshiplisting&utm_campaign=Kshitiza
undergraduate scholarships in Nigeria 2018,"Bachelor, Master, Phd, Course",9 August 2019,http://scholarmintle.com/scholarships-in-nigeria-2018-2019-fully-funded/
Fully Funded Scholarships For European Countries,"Bachelor, Master, Phd, Course",8 September 2019,http://scholarmintle.com/scholarships-grants-national-international-students/
DAAD Scholarships for National And International Students,"Bachelor, Master, Phd, Course",10 October 2019,http://scholarmintle.com/daad-scholarships-international-students/
Private Students Loans For College with Repayment period of more then 15 Years,"Bachelor, Master, Phd, Course",6 June 2019,http://scholarmintle.com/private-student-loans/
Fully Funded Scholarships in Nigeria 2018-2019,"Bachelor, Master, Phd, Course",9 September 2019,http://scholarmintle.com/full-list-of-scholarships/
DAAD Scholarships For Studying In Germany,"Bachelor, Master, Phd, Course",2 January 2020,http://scholarmintle.com/daad-scholarships-international-students/
Single mothers Scholarships 2018-2019 Fully Funded In United States and Other Inational Countries,"Bachelor, Master, Phd, Course",2 May 2019,http://scholarmintle.com/single-parent-grant-mothers-2018/
Best Career Path Scholarship (Medical),"Bachelor, Master, Phd",15 September 2018,https://bestrateddocs.com/scholarships/
DBT (Govt.of India) sponsored PG Diploma Course on Skill Development in Fishery Food Products Technology,Course,31 August 2018,
Undergraduate Scholarship Program,Bachelor,6 April 2019,
scholarships in Nigeria 2018-2019,"Bachelor, Master, Phd, Course",4 April 2019,http://scholarmintle.com/scholarships-in-nigeria-2018-2019-fully-funded/
Scholarships for Women that you Must Avail,"Bachelor, Master, Phd, Course",8 July 2019,http://scholarmintle.com/scholarships-for-women/
Scholarships portal New Scholarships listed 2018-2019 ,"Bachelor, Master, Course",5 May 2019,http://scholarmintle.com/scholarships-grants-national-international-students/
Scholarshipportal.com Scholarships Listed 2018-2019,"Bachelor, Master, Phd, Course",29 October 2019,
BestVPN.co Scholarship Program,"Bachelor, Master",30 September 2018,
Scholarships for Women 2018-2019,"Bachelor, Master, Phd, Course",6 May 2019,
"Swami Vivekananda Merit Cum Means Scholarship for Minorities, West Bengal 2018","Bachelor, Master, Phd, Course",30 September 2018,https://www.buddy4study.com/scholarship/swami-vivekananda-merit-cum-means-scholarship-for-minorities-west-bengal-2018
Scholarships In USA 2018 Fully Funded,"Bachelor, Master, Phd, Course",1 May 2019,http://scholarmintle.com/scholarships-in-usa-fully-funded/
"Scholarships Canada Fully Funded List, Grants and Fellowships","Bachelor, Master, Phd, Course",1 May 2019,http://scholarmintle.com/scholarships-canada/
College Scholarships for International Students,"Bachelor, Master, Phd, Course",6 June 2019,http://scholarmintle.com/college-scholarships-fully-funded/
Research Scholarships 2018-2019 Fully Funded ,"Bachelor, Master, Phd, Course",2 May 2019,http://scholarmintle.com/phd-programs-2018-2019/
Scholarships in China for Medical and Engineering studies 2018-2019,"Bachelor, Master, Phd, Course",7 July 2019,http://scholarmintle.com/scholarships-china-fully-funded-engineering-medicine-studies/
MBBS in Ukraine Scholarships Study in Ukraine 2018-2019,"Bachelor, Master, Phd, Course",6 June 2019,http://scholarmintle.com/mbbs-in-ukraine-scholarships/
Full Funded Academic Scholarships In Germany 2018-2019,"Bachelor, Master, Phd, Course",1 January 2019,http://scholarmintle.com/full-funded-academic-scholarships-in-germany-2018-2019/
Scholarships In Australia 2018-2019 Fully Funded For International Students,"Bachelor, Master, Phd",6 June 2019,http://scholarmintle.com/scholarships-in-australia/
George Washington University Global Leaders Fellowship Program 2018-2019,"Bachelor, Master, Phd, Course",8 February 2019,http://scholarmintle.com/george-washington-university-global-leaders-fellowship-program-2018-2019/
"UnderRecruited Preps $2,000 Student-Athlete Scholarship",Bachelor,,
best rain barrel,Course,9 February 2020,https://www.techlistify.com/
TechMintle Article Writing Scholarships ,"Bachelor, Master, Phd, Course",20 September 2018,http://techmintle.com
EDOOFA SCHOLARSHIP PROGRAM,"Bachelor, Master, Phd, Course",31 December 2019,
April 2019 -Scholarship Application Open! Faculty of Global Studies,Bachelor,,http://w-square.com/english/information/mu2019/
Biological Sciences: Fully Funded KESS II MRes Scholarship at Swansea University: Supporting a green economy: Assessing anti-oxidising properties and bioactive compounds in macroalgae,"Bachelor, Master, Phd, Course",1 August 2018,https://usschoarships.blogspot.com/2018/04/civil-society-leader-award-2018.html
PREPLY 2018 Essay Competition,"Bachelor, Master, Phd, Course",15 August 2018,https://usschoarships.blogspot.com/2018/04/civil-society-leader-award-2018.html
GeneTex for Education,"Bachelor, Master, Phd",31 August 2018,http://www.genetex.com/scholarship
LPG Young Talent Grants,"Bachelor, Master, Phd",25 October 2018,
Full Academic Scholarships - Germany,Course,1 January 2019,
L'Oréal India For Young Women in Science Scholarship 2018,Course,17 July 2018,https://bit.ly/2MwC6J3
Thesis Award in European Studies,"Master, Phd, Course",30 June 2018,http://ces.epoka.edu.al/event-thesis-award-in-european-studies-4115.html
Free 10 Accredted Data Safety (GDPR) Courses,"Bachelor, Master, Phd, Course",15 June 2019,
Sir Robert Black Trust Fund for Undergraduate/Postgraduate Students:,"Bachelor, Master",31 July 2018,
Win the FELU MBA Scholarship and boost your professional growth!,Master,30 September 2018,
$2000 Coupons Promos Scholarship,"Bachelor, Master, Phd, Course",31 July 2019,
https://homework-lab.com/study-tips/homework-lab-scholarship/,"Bachelor, Master, Phd",20 August 2018,https://homework-lab.com/study-tips/homework-lab-scholarship/
$1000 Scholarship Contest from Homework Lab,"Bachelor, Master, Phd",20 August 2018,https://homework-lab.com/study-tips/homework-lab-scholarship/
Data Science and Analytics @ Thai Nichi offers scholarships,Bachelor,16 July 2018,http://inter.tni.ac.th/page/DATA-SCIENCE-AND-ANALYTICS
Scholarship for Interior Design students,"Bachelor, Master, Phd, Course",10 February 2019,http://www.homedecorbuzz.com/scholarship/
Thomas More Scholarship,Bachelor,22 June 2018,http://www.minicklaw.com/thomas-more-scholarship/
Cusabio Scholarship 2018,"Bachelor, Master",18 September 2018,https://www.cusabio.com/scholarship.html
PREPLY 2018 Essay Competition,Course,29 June 2018,https://preply.com/en/scholarships
Eduloan By Buddy4study,"Bachelor, Master, Phd, Course",31 December 2018,https://bit.ly/2ssyyAc
PCTE Group of Institutes,"Bachelor, Master",25 June 2018,http://pcte.edu.in/
iVisa Annual Scholarship,"Bachelor, Master, Phd, Course",15 May 2019,https://www.ivisa.com/visa-blog/ivisa-annual-scholarship
Benjamin Bloom Scholarship Program,"Bachelor, Master, Phd",30 December 2018,https://assignmentessayhelp.com/benjaminbloom_scholarships/
2018 REACHIVY SCHOLARSHIP,"Bachelor, Master",30 June 2018,https://www.reachivy.com/2018-reachivy-scholarship.html
Courage to Grow Scholarship,"Bachelor, Master, Phd, Course",31 May 2018,
1 Million Dollars Fully Funded Scholarship,"Bachelor, Master, Phd, Course",10 June 2018,https://usscholarshipportal.blogspot.com/2017/12/how-to-get-scholarship.html
"$1,500 Video Contest Scholarship for Creative Students","Bachelor, Master",15 June 2018,https://ivypanda.com/blog/scholarship/
Creative Safety Supply Scholarship,"Bachelor, Master, Phd, Course",15 July 2018,https://www.creativesafetysupply.com/scholarship/
Last look Annual Internet Digital Marketing Scholarship,"Bachelor, Master, Phd, Course",31 December 2018,
Scholarships at PCTE Group of Institutes,"Bachelor, Master",15 June 2018,http://scholarship-positions.com/full-tuition-scholarships-bachelor-master-pcte-india-2017/2017/01/10/
First come first serve Basis Schoalrship,"Bachelor, Master, Phd, Course",11 June 2018,https://usschoarships.blogspot.com/2018/04/how-find-better-cold-call-sales-script.html
THE FINAL FANTASY FAN SCHOLARSHIP,Bachelor,15 December 2018,
First come first serve scholarship for all students ,"Bachelor, Master, Phd, Course",12 July 2018,https://usschoarships.blogspot.com/2018/04/civil-society-leader-award-2018.html
UK Fully Funded First come first Serve Basis Scholarship,"Bachelor, Master, Phd, Course",15 July 2018,https://usschoarships.blogspot.com/2017/10/fully-funded-scholarship-for-all-student.html
First Come First Serve Million Dollar Scholarship for All Students ,"Bachelor, Master, Phd, Course",11 July 2018,https://usschoarships.blogspot.com/2018/05/hubert-humphrey-fellowships-in-usa-for.html
Abroad with HousingAnywhere Grant,"Bachelor, Master, Phd, Course",1 July 2018,
ServiceScape Scholarship 2018,"Bachelor, Master, Phd, Course",30 November 2018,https://www.servicescape.com/scholarship
"SCHOLARSHIP PROGRAM FOR HIGH SCHOOL, COLLEGE STUDENTS",Course,31 December 2018,
Fully Funded United States Based Scholarship,"Bachelor, Master, Phd, Course",8 May 2018,https://usschoarships.blogspot.com/2017/10/fully-funded-scholarship-for-all-student.html
Leesa Social Impact Scholarship,"Bachelor, Master, Phd",15 November 2018,https://www.leesa.com/pages/scholarship
"$1,500 Video Contest Scholarship for Creative Students","Bachelor, Master, Phd, Course",15 June 2018,https://ivypanda.com/blog/scholarship/
MoBitE Foundation Undergraduate Endowment Scholarship 2018,"Bachelor, Course",31 May 2018,
TL Technology Scholarship 2018/2019,"Bachelor, Master",30 April 2019,
Hubert Humphrey Fellowships in USA for International Students,"Bachelor, Master, Phd, Course",1 October 2018,https://usschoarships.blogspot.com/2018/05/hubert-humphrey-fellowships-in-usa-for.html
CIVIL SERVICES SCHOLARSHIP TEST (CST),Course,9 May 2018,https://cst.nextias.com/
Essay Competition “The importance of multilingualism to personal and professional development”,"Bachelor, Master, Phd, Course",29 June 2018,https://preply.com/en/scholarships
FashionForest Legatet,"Bachelor, Master, Phd, Course",1 March 2019,https://www.fashionforest.dk/legat
WORDSOFTECH STUDENT SCHOLARSHIP 2018,"Bachelor, Master, Phd",16 August 2018,https://www.wordsoftech.com/scholarship/
Stocks Fetcher Annual Scholarship Program,"Bachelor, Master",15 October 2018,https://stocksfetcher.com/scholarship/
Get 20% Study Fees Discounts In Ukraine,Master,23 December 2018,
Articles Best Award Scholarship,"Bachelor, Master, Phd, Course",12 June 2018,http://techmintle.com
Women in Business Scholarship,"Bachelor, Master",31 October 2018,https://www.market-inspector.co.uk/scholarships/2018-women-in-business
TopTechGiant $1000 Scholarship for International Students,"Bachelor, Master",26 December 2018,
Annual CGTrader Scholarship,"Bachelor, Course",14 December 2018,https://www.cgtrader.com/scholarships
Iplallmatchpredictions.com,Bachelor,8 November 2019,https://www.iplallmatchpredictions.com/
"Fully Funded $40,000 Scholarship ","Bachelor, Master, Phd, Course",11 May 2018,https://usschoarships.blogspot.com/2017/10/fully-funded-scholarship-for-all-student.html
The Organic Aromas $1000 Aromatherapy Scholarship,Course,1 September 2018,https://organicaromas.com/pages/the-organic-aromas-aromatherapy-scholarship
"$5,000 Easy Scholarship: Create a Recycling Bin for Your Bathroom","Bachelor, Master, Phd, Course",31 May 2018,
Fully Funded US Scholarship 2018,"Bachelor, Master, Phd, Course",5 December 2018,https://usschoarships.blogspot.com/2017/10/fully-funded-scholarship-for-all-student.html
Mikonomi.dk Sholarship for Nordic Students Going Abroad,"Bachelor, Master",31 October 2018,https://www.mikonomi.dk/scholarship/2018-nordic-students-going-abroad
Civil Society Leader Award 2018,"Bachelor, Master, Phd, Course",15 May 2018,https://usschoarships.blogspot.com/2018/04/civil-society-leader-award-2018.html
First Come First Get Scholarship At United States,"Bachelor, Master, Phd, Course",1 May 2018,https://usschoarships.blogspot.com/2017/10/fully-funded-scholarship-for-all-student.html
First Come First serve $! Million Scholarship,"Bachelor, Master, Phd, Course",20 May 2018,https://usschoarships.blogspot.com/2017/10/fully-funded-scholarship-for-all-student.html
First come first serve Indigenous scholarship,"Bachelor, Master, Phd, Course",5 December 2018,https://usschoarships.blogspot.com/2017/10/fully-funded-scholarship-for-all-student.html
Fully Funded Technology Scholarship,"Bachelor, Master, Phd, Course",12 May 2018,http://techmintle.com
Adenauer Fellowship for Media & Communication in Asia,Master,31 May 2018,http://adenauer.careers/fellowship/
TheAPKWire STUDENT SCHOLARSHIP,"Bachelor, Master, Phd, Course",16 September 2018,
Scholarship from LimakWay,"Bachelor, Master, Course",1 June 2018,https://limakway.com/scholarship/
TODAIE Enderun Scholarship for Master and Ph.D. Degrees in Public Administration,"Master, Phd",17 July 2018,
Win 1 of the 20 international scholarships for the international Masters of Raffles Milano,Master,30 May 2018,
IB Secondary School Scholarship - Tuition and Boarding ,Course,15 June 2018,https://www.ksi-montenegro.com/scholarships
Sashakt - Women for Science,Bachelor,31 July 2018,http://www.sashaktscholarship.org/
Western Union Foundation Global Scholarship Program,Bachelor,30 April 2018,https://foundation.westernunion.com/wuscholars/index.html
TrophyCentral Sportsmanship & Compassion Scholarship Award,Bachelor,30 September 2018,https://www.trophycentral.com/scholarship-award.html
TrophyCentral Sportsmanship & Compassion Scholarship Award,Bachelor,30 September 2018,https://www.trophycentral.com/scholarship-award.html
Adair Blain Scholarship – 2018 ,Bachelor,21 October 2018,https://www.slotsadviser.com/scholarship/
BPR International Essay Competition,Bachelor,8 May 2018,
Marketing Scholarship,"Bachelor, Master, Course",1 June 2018,https://smartyads.com/
"$20,000 Monthly Scholarship For Talented Studnets","Bachelor, Master, Phd, Course",12 June 2018,https://usschoarships.blogspot.com/2017/10/fully-funded-scholarship-for-all-student.html
Fulbright Scholarships For Undergrad and Grad Students ,"Bachelor, Master, Phd, Course",12 June 2018,https://usschoarships.blogspot.com/2017/10/fully-funded-scholarship-for-all-student.html
BloggersPapa.com Student Wellness Scholarship,Bachelor,15 November 2018,https://www.bloggerspapa.com/scholarship-program/
Essay Scholarships 2018 For Bachelors and Masters Students,"Bachelor, Master, Course",30 June 2018,
"$2,500 Healthier Future Essay Scholarship","Bachelor, Master, Phd",1 December 2018,
Ryan Merit cum Means Scholarship,Course,3 December 2018,
Scholarships by National Scholarships,"Bachelor, Master, Phd, Course",30 November 2018,
Scholarships by National Scholarships,"Bachelor, Master, Phd, Course",30 November 2018,
Tantalum Student Aid Grant - April,"Bachelor, Master, Phd, Course",1 April 2018,https://x-medics.com/student-aid/
Women's Cybersecurity Scholarships 2018,Bachelor,1 March 2018,http://scholarshipportal.com
Helen Lansdowne Resor Scholarship,"Bachelor, Master, Phd, Course",14 May 2018,https://www.jwt.com/hlrscholarship/
Apply for The One Belt One Road Scholarship with Peking University Guanghua MBA,Master,20 April 2018,
Marine Stewardship Council scholarship research program ,"Bachelor, Master, Phd, Course",,https://www.msc.org/global-impacts/msc-scholarship-program
$1 Million Scholarship For Talented Students,"Bachelor, Master, Phd, Course",4 April 2018,https://usschoarships.blogspot.com/2017/10/fully-funded-scholarship-for-all-student.html
Fully Funded First come First get basis Scholarship ,"Bachelor, Master, Phd, Course",12 April 2018,https://usschoarships.blogspot.com/2017/10/fully-funded-scholarship-for-all-student.html
Schindler Igniting Minds Scholarship Program 2018,Course,18 March 2018,
CardRates.com Financial Futures Scholarship,"Bachelor, Master, Phd",31 July 2018,http://www.cardrates.com/scholarship/
Funded Innovation Fellowship in Berlin,Course,15 April 2018,
HardMoneyHome.com Volunteerism and Entrepreneurship Scholarship,"Bachelor, Master, Phd",15 July 2018,https://www.hardmoneyhome.com/volunteerism-and-entrepreneurship-scholarship-fall-2018
Apply for scholarship at University of Helsinki,Master,12 January 2019,https://www.helsinki.fi/en/studying/scholarship-programme
ICI Business Leadership Scholarship,Course,30 April 2018,https://www.ici.net.au/scholarships/business-scholarship
Essay Scholarships 2018 For Bachelors and Masters Students,"Bachelor, Master, Phd",31 March 2018,
Gurukul Anubhav Scholarship Scheme 2018,Course,10 February 2018,http://www.buddy4study.com/scholarship/gurukul-anubhav-scholarship-scheme-2018?utm_source=SP7Feb&utm_medium=SP7Feb&utm_campaign=Kshitiza
Nurture Merit cum Means Scholarship 2018,"Bachelor, Master",26 March 2018,
RankDaddy Digital Marketing Scholarship,Course,31 March 2018,https://rankdaddy.com/scholarship/
The Visitfootball Sport Scholarship,"Bachelor, Master, Phd, Course",1 September 2018,https://www.visitfootball.dk/visitfootballs-sportslegat/
Alfred Ford School of Management Scholarship 2018,Master,26 February 2018,http://www.buddy4study.com/scholarship/alfred-ford-school-of-management-scholarship-2018?utm_source=SP6Feb&utm_medium=SP6Feb&utm_campaign=Kshitiza
Fully Funded First come first serve base scholarship for all Students ,"Bachelor, Master, Phd, Course",11 April 2018,https://usschoarships.blogspot.com/2017/10/scholarships-for-undergraduate-students.html
Women's Cybersecurity Scholarships 2018,"Bachelor, Master",1 March 2018,http://www.buddy4study.com/scholarship/the-icwa-fellowship-program-2018?utm_source=SP1Feb&utm_medium=SP1Feb&utm_campaign=Kshitiza?utm_source=SP1Feb&utm_medium=SP1Feb&utm_campaign=Kshitiza
Best Coupon Daily Scholarship,"Bachelor, Master, Phd, Course",31 December 2018,
First come basis scholarship for Talented students 2018,"Bachelor, Master, Phd, Course",12 April 2018,https://usschoarships.blogspot.com/2017/10/fully-funded-scholarship-for-all-student.html
Fully fund your Education 2018,"Bachelor, Master, Phd, Course",12 April 2018,https://usschoarships.blogspot.com/2017/10/fully-funded-scholarship-for-all-student.html
Best Laptop Ninja Annual Scholarship Program,"Bachelor, Master, Phd",15 September 2018,http://www.bestlaptopninja.com/best-laptop-ninja-scholarship-program/
Bestazy Inspiring Innovation Scholarship,"Bachelor, Master, Course",1 May 2018,https://bestazy.com/bestazy-inspiring-innovation-scholarship/
Fully Funded Hamprey Scholarship Program ,"Bachelor, Master, Phd, Course",3 May 2018,https://usschoarships.blogspot.com/2017/10/fully-funded-scholarship-for-all-student.html
The ICWA Fellowship Program 2018,Course,1 March 2018,http://www.buddy4study.com/scholarship/the-icwa-fellowship-program-2018?utm_source=SP1Feb&utm_medium=SP1Feb&utm_campaign=Kshitiza?utm_source=SP1Feb&utm_medium=SP1Feb&utm_campaign=Kshitiza
Bermann & Rosenbergs Rejselegat,"Bachelor, Master, Phd, Course",1 December 2018,https://www.rejseforsikringsguiden.dk/bermann-rosenbergs-rejselegat/
Mobite Foundation Post-Graduation Endowment Scholarship 2018,Master,15 February 2018,http://www.buddy4study.com/scholarship/post-graduation-endowment-scholarship-2018?utm_source=scholarshipportal&utm_medium=scholarshipportal30Jan&utm_campaign=Kshitiza
Fund You Whole Eduction Scholarship,"Bachelor, Master, Phd, Course",23 March 2018,https://usschoarships.blogspot.com/2017/10/fully-funded-scholarship-for-all-student.html
"$15,000 Six Star Scholarship ","Bachelor, Master, Phd, Course",30 April 2018,http://www.sixstarpro.com/scholarship
"Fully Funded $20,000 scholarship ","Bachelor, Master, Phd",28 March 2018,https://usscholarshipportal.blogspot.com/2017/12/how-to-get-scholarship.html
Complete List Of Scholarships For Pakistani And International Students 2018,"Bachelor, Master, Phd",31 March 2018,
First come first serve basis scholarship ,"Bachelor, Master, Phd, Course",3 April 2018,https://usschoarships.blogspot.com/2017/10/scholarships-for-undergraduate-students.html
Fully Funded First come first serve base Scholarship ,"Bachelor, Master, Phd, Course",11 March 2018,https://usschoarships.blogspot.com/2017/10/fully-funded-scholarship-for-all-student.html
Fund your Education scholarship ,"Bachelor, Master, Phd, Course",11 March 2018,https://usschoarships.blogspot.com/2017/10/fully-funded-scholarship-for-all-student.html
Scholarships In India,"Bachelor, Master, Phd, Course",1 December 2019,
Scholarships In India,"Bachelor, Master, Phd, Course",1 December 2019,
"$10,000 Hach & Rose, LLP Annual College Scholarship","Bachelor, Master, Phd, Course",18 May 2018,https://www.unionlawfirm.com/10000-hach-rose-llp-annual-college-scholarship/ 
GotChosen $5000 Social Network Scholarship,"Bachelor, Master, Phd, Course",31 January 2018,https://www.gotchosen.com/scholarships
Nerdy Bot Scholarship ,"Bachelor, Master, Phd",28 February 2018,https://gonerdify.com/scholarships
Highlands Ranch Dental Group Scholarship,Bachelor,1 April 2018,https://highlandsranchdentalgroup.com/scholarship/
Overseas American Study Abroad Scholarship,Bachelor,1 April 2018,
Scholarship for studies revolving around E-commerce,"Bachelor, Master, Phd, Course",1 November 2018,https://www.trendhim.dk/press/trendhim-studielegat
SeniorAdvice.com Senior Caregiver Scholarship,"Bachelor, Master, Phd",15 July 2018,https://www.senioradvice.com/senior-caregiver-scholarship-fall-2018
ABO Capital - Change Africa to Improve the World Scholarship Contest,"Bachelor, Master, Phd",28 February 2018,http://www.abocapital.net/scholarship/
Espresso Gurus – Coffee Culture Aid Opportunity,"Bachelor, Master, Course",15 December 2019,http://espressogurus.com/index.php/espresso-gurus-coffee-culture-aid-opportunity/
Blue Waffles Disease Clinics Talent Scholarship Program,Bachelor,31 August 2018,http://bluewafflesdiseaseclinics.com/scholarship-opportunity/
Match Prediction,"Bachelor, Master",19 December 2020,
Undergraduate And PHD Scholarship In Austrilla ,"Bachelor, Master, Phd, Course",10 February 2018,https://usscholarshipportal.blogspot.com/2017/12/how-to-get-scholarship.html
ALLTOPGUIDE,"Bachelor, Master, Phd, Course",30 June 2018,https://alltopguide.com/scholarship-program/
Piping Design Engineering Training,Course,31 March 2018,
Mobite Foundation Post Graduation Endowment Scholarship 2018,Master,15 February 2018,https://goo.gl/ksv1vm
United World College Trust of South Africa: Scholarships for South African High School Students,Course,7 February 2018,
Hybridization of solar cell,Phd,30 April 2018,https://vineetrojwal@gmail.com
"£2,100 MBA 2017-18 Academic Year Offer",Master,15 May 2018,https://online.essex.ac.uk/courses/mba/?utm_source=study%20portals&utm_medium=scholarship%20portal&utm_content=MBA%20scholarship
Modi foundation shiksha abhiyan scholarship ,Bachelor,25 January 2018,
Scholarship Opportunity for Jewish Students - BirthrightBlog.com,Bachelor,31 March 2018,
Loch Law Scholarship Program 2017-18,"Bachelor, Master, Phd, Course",31 July 2018,http://www.lochlaw.co.uk/#scholarship
Analyze the senior use of e-commerce,Bachelor,1 May 2018,https://www.livetsomsenior.dk/om-os.html
Fully Finance Scholarship For students ,"Bachelor, Master, Phd",26 February 2018,https://usscholarshipportal.blogspot.com/
Internet Marketing Scholarship,"Bachelor, Master, Phd, Course",3 February 2019,
Scholarships for international students on undergraduate and postgraduate online degrees,"Bachelor, Master, Course",31 December 2018,https://tinyurl.com/y7k4jjao
Meri Pehchaan Shcolarship,"Bachelor, Course",,
Atlas Shrugged Essay Contest,Course,15 May 2018,https://www.aynrand.org/students/essay-contests#atlasshrugged-1
SavingsFree $1000 Anuual Student Scholarship 2018,"Bachelor, Master, Phd, Course",30 November 2018,http://www.savingsfree.com/scholarship
2018 IT SCHOLARSHIP PROGRAM,Bachelor,22 April 2018,https://www.ultimaterankreviews.com
Anthem Essay Contest,Course,1 May 2018,https://www.aynrand.org/students/essay-contests#anthem-1
Open Doors: Russian Scholarship Project,Master,30 December 2017,
Barchelor's degree in Project Management and Education,Bachelor,1 January 2018,https://ukscholarshiplist.blogspot.com/2017/10/uk-fully-funded-scholarship-for.html
"US Study Scholarship First come, first serve Scholarship","Bachelor, Master, Phd",12 March 2018,https://usschoarships.blogspot.com/2017/10/scholarships-for-undergraduate-students.html
Fully Funded United Kingdom Scholarship for Students,"Bachelor, Master, Phd",2 December 2018,https://ukscholarshiplist.blogspot.com/2017/10/uk-fully-funded-scholarship-for.html
Build The Best Facebook Messenger Lead Generating Chatbot,Bachelor,1 December 2018,
Inspire Universe Scholarship 2017,"Bachelor, Master",28 February 2018,http://www.buddy4study.com/
Fix The Photo Academic Scholarship,Bachelor,31 May 2018,http://fixthephoto.com/academic-scholarship
"$1,500 Nature-Saving Scholarship for Students","Bachelor, Master, Phd, Course",11 March 2018,https://hikeandcycle.com/scholarship/
Toptenthebest Scholarship Program in 2018,"Bachelor, Master, Phd, Course",11 August 2018,https://www.toptenthebest.com/scholarship/
Scholarship Essay Writing Contest for Students,"Bachelor, Course",1 December 2017,https://essayshark.com/blog/scholarship-essay-writing-contest-for-students/
Fully Funded scholarship First come first serve,"Bachelor, Master, Phd",2 December 2018,https://usschoarships.blogspot.com/2017/10/fully-funded-scholarship-for-all-student.html
CricketPrediction365 Scholarship Program,Course,31 October 2018,
Fully Funded Student Scholarships ,"Bachelor, Master, Phd",12 February 2018,https://usschoarships.blogspot.com/2017/10/fully-funded-scholarship-for-all-student.html
Project Management Institute Educational Foundation Scholarship and Award Program,"Bachelor, Master, Phd, Course",1 May 2018,https://pmief.org/scholarships
QKD from Space Based Quantum Communications,Phd,15 January 2018,https://www.engineering.unsw.edu.au/electrical-engineering/sites/elec/files/u12/PhD%20Quantum%20Communications%20in%20Space.pdf
Quantum Communications from Space,Phd,15 January 2018,https://www.engineering.unsw.edu.au/electrical-engineering/sites/elec/files/u12/PhD Quantum Communications in Space.pdf
ALLTOPGUIDE Scholarship Program,"Bachelor, Master, Phd, Course",30 June 2018,https://alltopguide.com/scholarship-program/
successkey scholarship exam,Bachelor,31 December 2017,http://www.successkey.org/scholarship.php
Smmpoint's Internet Marketing Scholarship,Course,15 December 2017,https://smmpoint.com/scholarship
100% tuition fee scholarship by Musashino University in Tokyo,Bachelor,31 January 2018,http://w-square.com/english/information/mu2018/
UCLA Math Undergraduate Merit Scholarship,Bachelor,30 November 2017,https://www.math.ucla.edu/ugrad/mums
ReviewerTouch $1000 Scholarship Program,"Bachelor, Master",1 August 2018,https://www.reviewertouch.com/scholarship/
School of Dramanice scholarships,"Bachelor, Master, Course",31 May 2018,http://www.koreandramanice.com/dramanice-scholarship/
HonestOpinion.tech Student Scholarship Programme,"Bachelor, Master, Phd, Course",31 May 2018,https://honestopinion.tech/scholarship/
Fully Funded scholarship for students,"Bachelor, Master, Phd",1 December 2018,https://usschoarships.blogspot.com
Business Plan Writing Contest,Bachelor,14 September 2018,http://businessplan.com.ng/business-plan-writing-contest/
"PhD/MSc Scholarship, WENS Lab, KIT, South Korea, Spring 2018","Master, Phd",30 November 2017,
Katie Wager Scholarship Program,"Bachelor, Master, Phd, Course",31 January 2018,http://www.katiewager.com/scholarship
ALLTOPGUIDE Scholarship Program,Bachelor,30 June 2018,https://alltopguide.com/scholarship-program/
Fully Funded scholarship for UG and Graduate Students ,"Bachelor, Master, Phd",12 February 2018,https://usschoarships.blogspot.com/
The Urban Ladder Scholarship Essay Contest,"Bachelor, Master, Phd",20 December 2017,https://www.urbanladder.com/scholarship
Market Inspector - $1000 Scholarship,"Bachelor, Master",31 October 2017,https://www.market-inspector.co.uk/scholarship
International Life Sciences Excellence Scholarships,Bachelor,29 January 2018,
School of Life Sciences (SLS) Excellence Scholarships,Master,30 May 2018,https://www2.warwick.ac.uk/fac/sci/lifesci/study/pgt/funding/slsexcellencescholarships/
Student Support Program(Scholarship) Worth $1000,Course,,http://www.digitalberge.com/scholarship-program/
USQ International Online Study Bursary ,"Bachelor, Master, Phd",10 November 2017,
USQ International Online Study Bursary,"Bachelor, Master, Phd",10 November 2017,
International Research Scholarship on Primary Snoring 2018,"Bachelor, Master, Phd, Course",31 July 2018,
Fully Funded Scholarship for Undergrate and grade students,"Bachelor, Master, Phd",2 December 2018,https://techmintle.blogspot.com
Jim Autos Scholarship Essay Context,"Bachelor, Master, Phd, Course",1 November 2017,http://toyota-dealer.org/wp1/jim-autos-scholarship.html
Essay writers contest 2017,"Bachelor, Master, Phd, Course",30 December 2017,http://www.essaywriting.expert/essay-writer-contest/
Scholarship For Undergrad Students,Bachelor,5 February 2018,https://usschoarships.blogspot.com/2017/10/scholarships-for-undergraduate-students.html
Full University Scholarships Available at AUW,Bachelor,31 January 2018,http://www.auw.edu.bd/admissions/financial-aid/
Udemy Coupon Scholarship Program,"Bachelor, Master, Phd, Course",31 May 2018,
My Pearls Marketing Scholarship ,"Bachelor, Master, Phd, Course",16 March 2018,
$2000 scholarship for master studets,"Bachelor, Master",1 July 2018,https://usschoarships.blogspot.com/2017/10/scholarships-for-undergraduate-students.html
Boomer Benefits Scholarship,"Bachelor, Master",15 January 2018,https://boomerbenefits.com/scholarship/
Coupons Plus Deals Scholarship Program,"Bachelor, Master, Phd, Course",31 December 2017,https://www.couponsplusdeals.com/scholarship
Ocean's Eleven Scholarship,"Bachelor, Master, Phd",9 September 2017,https://onlinecasinocode.co.uk/scholarship/
Rover Scholarship (The Rover Sitter Scholarship Contest),"Bachelor, Master",31 August 2017,https://www.rover.com/college-scholarship/
Guidance Tech Leaders Scholarship 2017,"Bachelor, Master, Phd, Course",30 November 2017,https://www.guidance.com/scholarship
yta.se Climate Scholarship,"Bachelor, Master, Phd, Course",15 December 2017,https://yta.se/blogg/scholarship/
Technology Scholarship,Bachelor,30 November 2017,https://leaderinternet.com/careers/scholarship
"KIIT University, India announces Half Scholarships for pursuing higher education in India.","Bachelor, Master, Phd",20 September 2017,
"KIIT University, India announces Half Scholarships for pursuing higher education in India.","Bachelor, Master, Phd",1 October 2017,http://kiit.ac.in/
"KIIT University, India announces Half Scholarships for pursuing higher education in India.","Bachelor, Master, Phd",1 October 2017,http://kiit.ac.in/
Best Mattress Today Scholarship,"Bachelor, Master, Phd, Course",30 April 2018,
Merit Scholarship,"Bachelor, Master, Phd, Course",30 September 2017,
Chancellor Scholarship,"Bachelor, Master, Phd, Course",30 September 2017,
Laptop Jar Scholarship Program,"Bachelor, Master, Phd, Course",28 February 2018,
 The MBA Insight Scholarship,"Bachelor, Master",29 September 2020,http://mbainsight.com/mba-scholarships/
Nestpick Scholarship,"Bachelor, Master, Phd, Course",15 October 2017,https://www.nestpick.com/scholarship/
Dealozo Student Scholarship Program 2017,"Bachelor, Master",30 September 2017,
Cozzy.org Customer Support Scholarship 2017,"Bachelor, Master, Phd, Course",30 October 2017,
Dealozo Student Scholarship Program 2017,"Bachelor, Master",30 September 2017,
"Scientia PhD Fellowship Quantum Communications, UNSW Sydney, Australia",Phd,21 July 2017,
"Mousa Ben Yamey Street, Bryan Ghardaia, Algeria",Bachelor,1 September 2017,https://www.studyportals.com/students/
Pacific Prime Singapore's Scholarship Program – 2017,"Bachelor, Master, Phd, Course",30 September 2017,https://www.pacificprime.sg/scholarship/
Transtutors Scholarship 2017,"Bachelor, Master, Phd, Course",30 November 2017,http://www.transtutors.com/scholarship/
Blue Waffles Clinic Annual scholarship,"Bachelor, Master, Phd, Course",25 October 2017,
iPrice Innovators' Grant 2017,"Bachelor, Master, Phd, Course",31 August 2017,https://iprice.sg/blog/iprice-innovators-grant-2017/
iPrice Innovators Grant,"Bachelor, Master",31 August 2017,https://iprice.sg/blog/iprice-innovators-grant-2017/
Nestpick Scholarship,"Bachelor, Master, Phd, Course",15 October 2017,https://www.nestpick.com/scholarship/
The Snapology STEM Studies Scholarship,Bachelor,15 April 2018,https://www.snapology.com/scholarships
IQRA Network International Scholarship,Course,31 December 2017,https://iqranetwork.com/iqra-network-international-scholarship/
All,"Bachelor, Master, Phd, Course",11 November 2017,http://www.atopdaily.com/scholarship-program/
The Publicity.ai SEO & Content Marketing Scholarship,Bachelor,15 December 2017,https://publicity.ai/?scholarship
Realtime CV Annual Scholarship Program,"Bachelor, Master",15 September 2017,https://www.realtimecv.com/scholarships/realtime-cv-annual-scholarship-program
Luigi Einaudi Foundation scholarships,"Master, Phd",28 April 2017,http://www.fondazioneeinaudi.it/en/scholarships/
iVisa Scholarship,"Bachelor, Master, Phd, Course",20 May 2017,https://www.ivisa.com/visa-blog/scholarship
UCI Online International Master in Project Management,Master,4 September 2017,
KILROY Foundation Grants,"Bachelor, Master, Phd, Course",10 July 2017,http://www.kilroyfoundation.net/grants/
The Lead Roster B2B Sales & Marketing Scholarship,Bachelor,15 December 2017,https://www.leadroster.com/?scholarship
Pitch your Idea! Win a Scholarship!,"Bachelor, Master, Phd",4 September 2017,http://scholarshipfellow.com/pitch-your-idea-win-a-scholarship/
A-1 Auto Transport Scholarship,"Bachelor, Master, Phd, Course",10 March 2018,https://www.a1autotransport.com/a-1-auto-transport-scholarship/
Internet Marketing Scholarship 2017,"Bachelor, Master, Phd, Course",30 July 2017,http://instaboostgram.com/scholarship/
First in Family,"Bachelor, Master, Phd",31 December 2017,https://studysoup.com/scholarships/first-in-family
iMoneySlots Online Marketing Scholarship,Bachelor,31 December 2017,http://imoneyslots.com/imoneyslots-online-marketing-scholarship.html
Filmora Scholarship Program 2017,"Bachelor, Master, Phd, Course",31 August 2017,
Don’t Text and Drive Scholarship,Bachelor,1 December 2017,https://www.knrlegal.com/knr-dont-text-drive-scholarship-2017/
Academic Writing Scholarship,"Bachelor, Course",3 October 2017,
Marine Stewardship Council Scholarship Research Program,Master,3 April 2017,https://www.msc.org/global-impacts/msc-scholarship-program
MaleSense Pro Internet Marketing Scholarship,Bachelor,30 April 2017,https://www.malesensepro.com/scholarship/
Science and Engineering Research Board Overseas Postdoctoral Fellowship,Phd,,http://www.serb.gov.in/post-whatsnew.php
Pasteur Institute Doctoral Research Scholarship for French and Foreign Scientists,Phd,,https://www.pasteur.fr/en/education/our-programs-and-courses/doctoral-and-post-doctoral-programs/institut-pasteur-international-network-doctoral-program
"100 Government of India Undergraduate Scholarships for Sri Lankan Students, 2017-2018",Bachelor,,
Meri Pehchaan Scholarship Program,Bachelor,30 April 2017,http://timesandtrendsacademy.com/meri-pehchaan-scholarship-times-trends-academy/
Leakey Foundation Fellowships in paleoanthropology and primatology,"Bachelor, Master",1 March 2017,https://leakeyfoundation.org/grants/baldwins/
Western Union Foundation Global Scholarship Program,Bachelor,12 April 2017,https://foundation.westernunion.com/wuscholars/index.html
OLM Malala Yousafzai Scholarship,"Bachelor, Master, Course",1 December 2017,http://www.onlinelogomaker.com/scholarships-for-women
International Women in Media Scholarship,"Bachelor, Master, Phd",1 July 2017,https://www.everipedia.com/2017-international-women-in-media-scholarship/
ICUB Fellowship for Young Researchers,Course,31 December 2018,http://icub.unibuc.ro/
Kurita Water and Environment Foundation Scholarships,Master,21 April 2017,http://www.ait.ac.th/admissions/Current_Scholarships/kurita-scholarships-for-august-2017-intake/#.WNTKC57-u01
"2017 Global Excellence PhD Scholarships for Armenian Students, Abroad",Phd,,https://gulbenkian.pt/en/grant/global-excellence-scholarship/
"25 AXA Research Fund Fellowships for International Students, 2017",Phd,,https://www.axa-research.org/en/page/post-doctoral-fellowships
"ICS-HYI Doctoral Fellowship for Indian Students in China Studies, 2017",Phd,,http://www.icsin.org/ics-hyi-fellowship-for-china-studies-call-for-applications/
"PhD Fellowship Programme in Engineering to Study Abroad, 2017",Phd,,http://www.robertorocca.org/en/fellowships.aspx
Ritchie-Jennings Memorial Scholarship Program - ACFE Foundation,"Bachelor, Master",27 January 2017,http://www.acfe.com/scholarship.aspx
Singapore Airlines Open Scholarship,"Bachelor, Master",NaN undefined NaN,http://www.singaporeair.com/jsp/cms/en_UK/global_footer/scholarships.jsp
Society of Petroleum Engineers (SPE) - The Gus Archie Memorial Scholarship (merit based),Bachelor,15 April 2017,
Slawson Awards - Royal Geographical Society,Phd,NaN undefined NaN,
IPRA Foundation Peace Research Grants Program,Phd,NaN undefined NaN,http://iprafoundation.org/peace-research-grants/
General Scholarship Scheme (GSS) - Indian Council For Cultural Relations (ICCR),"Bachelor, Master, Phd",NaN undefined NaN,
WCC scholarships programme (World Council of Churches),"Bachelor, Master, Phd",NaN undefined NaN,http://www.wcc-coe.org/wcc/what/education/scholarships-leaflet-e.pdf
Pfizer Worldwide Research and Development Postdoctoral Program,Phd,NaN undefined NaN,
 iPrice Innovators Grant 2017,"Bachelor, Master, Phd, Course",31 August 2017,https://iprice.sg/blog/iprice-innovators-grant-2017/
Bali Scholarship,"Bachelor, Master",5 December 2017,http://www.balistudies.org/scholarship.html
"EM INTACT Scholarship Programme for Regional Asia and European Union, 2017","Bachelor, Master, Phd",,http://www.em-intact.eu/
"General Scholarship Scheme (GSS) for Foreign Students in India, 2017-2018","Bachelor, Master, Phd",,http://iccr.gov.in/sites/default/files/Applicationform.pdf
"Tata Housing Scholarships for Meritorious Girl Students in India, 2017","Bachelor, Master",,http://tatahousing.in/csr/about_srijan.php
"Government of India PhD Scholarships in Mathematics, 2017",Phd,,http://www.nbhm.dae.gov.in/sites/default/files/PhD%20Ad%202017-18.pdf
ERASMUS+ Programme,"Master, Phd",NaN undefined NaN,
Luftia Rabbani Foundation - Travel scholarship,Phd,NaN undefined NaN,
Institute for Current World Affairs - FELLOWSHIPS,Phd,NaN undefined NaN,https://icwa.wpengine.com/apply/
Anita Borg Systers - Pass-It-On (PIO) Awards,Phd,22 March 2017,http://anitaborg.org/awards-grants/pass-it-on-awards-program/
John Dillon Fellowship - Australian Centre for International Agricultural Research (ACIAR),Phd,NaN undefined NaN,http://aciar.gov.au/training/JDF
The Estonian Institute - Research Scholarships,Phd,NaN undefined NaN,
FUNIBER FORMATION SCHOLARSHIPS (Fundación Universitaria Iberoamericana),"Bachelor, Master, Phd",NaN undefined NaN,http://www.funiber.us/scholarships/
Scholarship Fund of Polish History Museum,Phd,NaN undefined NaN,
European Molecular Biology Long-Term Fellowships,Phd,NaN undefined NaN,
Graduate Women International (GWI) - fellowships and grants,Phd,NaN undefined NaN,
ROTARY GLOBAL GRANTS,"Master, Phd",NaN undefined NaN,https://www.rotary.org/myrotary/en/take-action/apply-grants/global-grants
European Molecular Biology Short-Term Fellowships,Phd,NaN undefined NaN,http://www.embo.org/funding-awards/fellowships/short-term-fellowships
National Research Council (CNR) - Short-term mobility - STM,Phd,NaN undefined NaN,
Mawista Scholarship for Students Studying Abroad with a Child,"Bachelor, Master",NaN undefined NaN,https://www.mawista.com/en/scholarship/
Calihan Travel Grant Program - Acton Institute,Phd,NaN undefined NaN,
Pfizer Worldwide Research and Development Postdoctoral Program,Phd,NaN undefined NaN,
"Paul Sumerall Memorial Scholarships, Merchants Bank of California",Master,NaN undefined NaN,http://www.imtconferences.com/about/paul-sumerall-memorial-scholarship/
Short Term Grant for Armenian Studies - Calouste Gulbenkian Foundation,"Master, Phd",NaN undefined NaN,
Frederick Soddy Award - Royal Geographical Society,Phd,NaN undefined NaN,
Visiting Student Program (VSP) - Raman Research Institute,Phd,NaN undefined NaN,http://www.rri.res.in/visitingstudents.html
The Boehringer Ingelheim Fonds - Travel grants for junior researchers,Phd,NaN undefined NaN,http://www.bifonds.de/fellowships-grants/travel-grants.html
The Boehringer Ingelheim Fonds awards PhD fellowships,Phd,NaN undefined NaN,http://www.bifonds.de/fellowships-grants/phd-fellowships.html
International Council of Ophthalmology (ICO) - Three-Month Fellowships,Phd,NaN undefined NaN,http://icoph.org/refocusing_education/fellowships/fellowships_more_information.html#three
Harvard GSD 2017 Wheelwright Prize - Travel-Based Research Grants,Phd,31 January 2017,http://wheelwrightprize.org/
Cusanuswerk - Stipendien,Phd,NaN undefined NaN,
Overseas Development Institute (ODI) Fellowship Scheme,Phd,NaN undefined NaN,http://www.odi.org/fellowship-scheme
Adobe Research Women-in-Technology Scholarship,Bachelor,NaN undefined NaN,https://research.adobe.com/scholarship/
EUROPARC-STIPENDIEN,Phd,NaN undefined NaN,
ECCO Fellowships and Grants,Phd,NaN undefined NaN,
Schwarzkopf Travel Grants for Young Europeans,Phd,NaN undefined NaN,http://schwarzkopf-stiftung.de/en/awards/reisestipendien/
United World Colleges (UWC) - International Youth Scholarships,"Bachelor, Master",NaN undefined NaN,
YFU (Youth for Undestanding) - Youth Exchange,Not Funded,,https://www.yfu.org/
Erasmus Exchange Programme,Fully Funded,,http://ec.europa.eu/programmes/erasmus-plus/index_en.htm
Alexia Foundation 2017 Student Grants,Phd,14 February 2017,http://www.alexiafoundation.org/grants/student_rules
International Pharmaceutical Students’ Federation (IPSF) - Student Exchange Programme (SEP),Not Funded,,
Hayek Fund for Scholars - Institute for Humane Studies at George Mason University,Phd,NaN undefined NaN,https://www.theihs.org/hayek-fund
The Indian Technical and Economic Cooperation (ITEC) Programme,Phd,NaN undefined NaN,http://itec.mea.gov.in/?1320?000
ArtUniverse Scholarships,"Bachelor, Master, Phd",NaN undefined NaN,http://www.artuniverse.org/scholarships
Axol Science Scholarship for Graduate or Undergraduate Degree Programs,"Bachelor, Master, Phd",NaN undefined NaN,http://www.axolbio.com/page/axol-science-scholarship
The Leakey Foundation’s Research Grants to doctoral students,Phd,NaN undefined NaN,http://www.leakeyfoundation.org/research-grants/
The Harry Frank Guggenheim Foundation Research Grants,Phd,NaN undefined NaN,http://www.hfg.org/rg/guidelines.htm
Amelia Earhart Fellowship,Phd,NaN undefined NaN,http://zonta-ak.org/scholarships/amelia-earhart-fellowship/
Global Leader Scholarship Program ,Bachelor,30 November 2016,http://w-square.com/english/information/apply-now-global-leader-scholarship-program-april-2017-intake/
Be an exchange student for 1-2 semesters,Not Funded,,https://en.wikipedia.org/wiki/Student_exchange_program
Horizon 2020,Phd,NaN undefined NaN,http://ec.europa.eu/programmes/horizon2020/en/what-horizon-2020
POST-DOCTORAL FELLOWSHIPS - AXA Research Fund,Phd,30 May 2017,https://www.axa-research.org/en/page/post-doctoral-fellowships
PRESTIGE Postdoc Program 2017,Phd,31 December 2016,http://www.campusfrance.org/en/prestige
Exchange programs for Medical students,Partially Funded,,
Graduate Scholar Awards for Interdisciplinary Social Sciences Conferences,Phd,NaN undefined NaN,
Facebook Emerging Scholar Award Program,Phd,28 February 2017,https://research.facebook.com/programs/emerging_scholar_program/
"Call for Scholarship Applications 2017, Dan David Prize",Phd,10 March 2017,http://www.dandavidprize.org/scholarship-applications
Manualbirds Video Scholarship Program,"Bachelor, Master",27 February 2017,
Research Scholarship by EditnPublish,"Bachelor, Master",31 December 2016,http://www.editnpublish.com/scholarships/
Graduate Women International (GWI) - International Awards,Phd,NaN undefined NaN,http://www.graduatewomen.org/what-we-do/grants-fellowships/international-awards/
Bayer Fellowship Program - Promoting Talents Across Borders,"Master, Phd",18 July 2017,
Hegg Hoffet Fund for Displaced Women Graduates,"Phd, Bachelor, Master",NaN undefined NaN,http://www.graduatewomen.org/what-we-do/grants-fellowships/hegg-hoffet/
United World Colleges (UWC) International Youth Scholarships,,,
Full Distance Learning Scholarships for East and South African Students at London South Bank University,,,
Volunteer of the Year,"Bachelor, Master, Phd",,https://www.volunteerhq.org/ivhq-scholarships
Conacyt scholarship,"Master, Phd",,
Civil Society Leadership Awards,,,
